{
    "type": "manual_content",
    "lang": "zh_CN",
    "category": "structures",
    "content": [
        {
            "content_type": "heading",
            "text": "介绍和命令",
            "level": 1
        },
        {
            "content_type": "text",
            "text": "古代战争有一个深入而广泛的结构创造系统，既可用于生存，也可用于创造模式的用途，还可用于创造像原版村庄一样的以大块生成的世界结构. 它还包括建筑中使用的装饰块和物品，如定制大小的门、先进的刷怪笼、战利品箱、声音块、建筑工具、火坑、图腾柱和伊尔明苏尔。\naw附带了一些非常有用的命令，可以帮助您识别当前游戏设置中的块、生物群系和实体. \n/awutils exportblocks \n此命令将转储所有块的.csv列表, 从你目前在自己的个人游戏设置中的每一个模式 \n/awutils exportbiomes \n这个命令将转储一个.csv列表，列出当前在你的世界中的所有生物群系，这些生物群系是从你当前在自己的个人游戏设置中设置的每一个mod中设置的. \n/awutils exportentities \n这个命令将转储一个.csv列表，列出当前在你的世界中的所有暴徒，这些暴徒是从你当前在自己的个人游戏设置中设置的每个mod中设置的。这对于建立NPC派系的目标或非目标生物名单至关重要. \n/awutils exportloottables\n这个命令将从原版和所有使用它们的mod中导出游戏中所有战利品表的列表. \naw转储的结果.csv文档可以在aw config文件夹的导出文件夹中找到."
        },
        {
            "content_type": "item",
            "name": "古代战争结构：大门生成器"
        },
        {
            "content_type": "heading",
            "text": "大门",
            "level": 2
        },
        {
            "content_type": "text",
            "text": "如果可能的话，可以在靠近侧面或顶部的地方用鼠标右击打开大门. 它们也可以通过右下角和左下角的红石机制，通过旁边的方块进行控制. 只有当这个团队的所有者或成员右击时才能打开大门. 所有者或队友可以通过右击门并在弹出的图形用户界面中单击重新打包来重新打包门或吊桥. 按住鼠标右击还可以更改门的所有者. 将该字段留空将使其成为公共门，任何人都可以打开它. \n有六种不同类型的门，它们都被命名为非常通俗易懂的意思，还有一种吊桥风格. 要放置门，只需执行以下步骤. \n选择门的左上角，将出现一个1块宽的白色边界框. 默认情况下，按Z键. \n现在选择门的右下角，同样的白色边界框将再次出现. 按Z键. \n然后，在门中心的地板上单击鼠标右键,门应该出现."
        },
		{
            "content_type": "image",
            "path": "/images/Gates1.png",
            "width": 1920,
            "height": 1080
        },
        {
            "content_type": "text",
            "text": "放置吊桥是一个非常相似的过程，但有一些关键的区别，请按照以下步骤进行正确操作. \n首先，我们将从这一实践施工开始，并注意到，在吊桥起止点的结构两侧，地板在末端道路下方一个方块处下沉，塔地板在起点一侧下沉. 这样，当吊桥处于下降位置时，它与两侧无缝."
        },
		{
            "content_type": "image",
            "path": "/images/Drawbridge1.png",
            "width": 1568,
            "height": 816
        },
        {
            "content_type": "text",
            "text": "现在，在建造吊桥网关框架（从塔架其余部分伸出的钻头，由石砖制成）时，最重要的一点是要明白，它必须与您打算跨越的块的长度一样. 在这种情况下，从吊桥开始位置到其结束位置的长度为11个块，包括将位于两侧的石砖块。这意味着吊桥将要安装的网关的“空”部分必须是11个方块高."
        },
		{
            "content_type": "image",
            "path": "/images/Drawbridge2.png",
            "width": 1531,
            "height": 796
        },
		{
            "content_type": "text",
            "text": "现在，接下来的步骤基本上和大门一样. 首先，查看要放置吊桥的位置的左下角，1块边界块应出现. 按Z键。接下来，转到左上角，看到边界框出现，然后按Z键. 查看整个网关时，您应该看到边界框处于正确的设置中. 接下来，转到网关的底部，然后按右击网关的地板. \nNOTE:一定要面向你想让吊桥向下旋转的方向，如果你面向错误的方向，吊桥会打开错误的方向."
        },
		{
            "content_type": "image",
            "path": "/images/Drawbridge3.png",
            "width": 1550,
            "height": 805
        },
        {
            "content_type": "heading",
            "text": "战利品箱子",
            "level": 2
        },
		{
            "content_type": "text",
            "text": "为NPC和其他生物提供库存结构对于让玩家探索和征服NPC和生物变得有趣和具有挑战性至关重要。但当他们征服了你的建筑，他们必须得到奖励！在这里，战利品箱一直是传统的Minecraft奖励系统.AW没有什么不同，但对于建筑师来说，我们提供了一种称为战利品箱子放置棒的便利工具 \n在我们了解如何使用它之前，了解控制它的.cfg文件是很重要的。在aw config文件夹中，您可以找到“ancientwarfarestructures.cfg”–在这个文档中是这个部分:"
        },
		{
            "content_type": "image",
            "path": "/images/LootChest1.png",
            "width": 1345,
            "height": 829
        },
		{
            "content_type": "text",
            "text": "aw战利品放置箱旨在注册所有战利品箱子和列表提供的Minecraft和您在您的个人游戏加载的每个mod。但是除了标准的地牢和铁匠铺箱子之外，你还可以找到单个生物的，因为很多mod都是这样列出他们的暴徒掉落物. \n如果您发现我们没有介绍的mod也添加了太多不相关或不需要的条目，您也可以将这些条目添加到上面的列表中. （如果您希望我们将您的添加作为标准排除项添加到mod中，请在aw论坛或discord上发布）如果您发现您实际上希望能够选择我们已排除的mob drops–只需删除上面列表中的条目，它将重新出现在游戏中的loot placer工具选择列表中. \n现在我们可以开始使用战利品胸部放置工具，只有在创造可用.用你手上的工具右击将打开它的图形用户界面，显示所有可用的战利品箱类型。你只需点击你想要的类型就可以选择它，然后调整你想要的掷骰数量. 战利品滚动只需调整战利品的数量就可以放置在箱子里.0表示不会在那里放置任何东西，1将应用默认设置的赃物箱数量，2是双倍，3是三倍，依此类推。一旦你选择了你的类型和数量的战利品卷，只需退出图形用户界面，然后你可以用工具右击放置战利品箱. 你只需再次右击同一类型的现有战利品箱旁边，就可以放置双箱. 你不应该打开这些箱子，因为如果你打开它，它就不会正确地产生战利品."
        },
		{
            "content_type": "image",
            "path": "/images/LootChest2.png",
            "width": 1008,
            "height": 565
        },
		{
            "content_type": "image",
            "path": "/images/LootChest2.png",
            "width": 1008,
            "height": 565
        },
        {
            "content_type": "heading",
            "text": "先进的刷怪笼",
            "level": 2
        },
		{
            "content_type": "text",
            "text": "aw有一种方法可以确保生物在特定的地方为你的建筑生成，这是一种先进的模式，将他们一次性放置，以及更传统的原版持续刷怪. \n原版刷怪笼默认的第一次生成延迟为20个刻。但是，如果一个玩家（包括创造玩家）在16个方块的范围内，这种延迟只能开始慢慢消失. \n它的最小生成延迟是200. \n它的最大生成延迟是800. \n其最大实体数为6. \n它的生成范围是4个方块. \n所有普通的刷怪笼只需检查整个玩家列表上的每个勾选，看看是否有任何在激活范围内然后他们等待延迟，然后再做其他检查，以催生一群生物. 这意味着玩家越多，刷怪笼越多，服务器CPU花费在激活刷怪笼上的时间越多，相乘叠加. \n\naw“高级刷怪笼”等待延迟，然后检查范围内的玩家（如果设置了），然后执行其他检查以生成一群生物. 由于延迟的处理速度比玩家和其他检查要快得多，所以它更为优化. 随着随机延迟，其他检查的负载被稀释到块上，使游戏更加顺利. 大多数检查也是可选的，以进一步提高每个刷怪笼的效率. \n了解这些原始的Minecraft原版值，以及AW值的不同，可以很好地评估在AW刷怪笼中更改这些值的效果. \n大多数实体，不管是原版的还是mod制造的，都想最终决定它们是否能生成. 例如，“猪”需要草块和一个干净的区域，否则它就不会生成。许多生物，包括aw-npcs，不会在任何液体中生成，如水或熔岩. 一些暴徒不会在木板或木半砖上生成，而另一些生物在BOP地形块上有困难. 也有一些条件是由那些怪物的mods设置的，比如一些怪物只能在下界生成，来自地牢的怪物mod有水平的地下高度限制等等. \n但好消息是，aw刷怪笼块完全覆盖所有这些条件，并强制实体在您希望的地方生成. 但是，这也有一定的缺点——也就是说，你必须留出足够的空间让生物在你放置刷怪笼的地方生成. 建议设置一个大的“spawnRange”值，并为大型生物（如末影龙）提供一个大的净空间. \n同样，即使是小型生物也需要一个与他们的大小相关的清晰区域来生成-例如，设置在1个方块宽x 2个方块高的隧道中的刷怪笼将很难生成出一个 LOTR巨魔，但可能产卵出一个 LOTR兽人.\n在太小的空间中生成的生物会嵌入到方块中并被杀死. \n\n在我们了解如何使用刷怪笼之前，了解控制它的.cfg文件是很重要的。在您的aw config文件夹中，您将找到“ancientwarfarestructures.cfg”–在这个文档中是这个部分. \naw刷怪笼模块被设计用来注册所有由Minecraft和你在个人游戏中加载的每个mod提供的怪物、生物和npc. 因为这个类中有许多实体是由mods注册的，它们根本不是真正的mobs，所以这个工具的列表非常长，所以我们已经从各种mods中“排除”了一大堆这样的实体——它们出现在排除列表中，如上图所示，所以在游戏中不会出现在刷怪笼的选择GUI中. 如果您发现我们没有涉及的mod也在向您的刷怪笼添加太多不相关或不需要的实体，您也可以将这些物品添加到上面的列表中. （如果您希望我们将您的添加作为标准排除项添加到mod中，请在aw论坛或discord上发布）如果您发现您实际上希望能够选择我们排除的实体，只需删除上面列表中的条目，它将在游戏中的工具选择列表中重新出现."
        },
		{
            "content_type": "image",
            "path": "/images/Spawning1.png",
            "width": 1410,
            "height": 870
        },
		{
            "content_type": "text",
            "text": "使用AW生成工具有两种方法. 第一种方法是使用刷怪笼放置工具（wand），第二种方法是手动放置块，这需要手动将实体放入. \n放置工具方法是最简单的方法，它允许快速存储具有许多相同类型生物的结构. 首先，抓住暴徒产卵器魔杖工具，只有在创造模式，和你想为之设置刷怪笼的生物的蛋或NPC物品. 生成生物，然后用魔杖右击；生物将消失，魔杖将被设置为放置该生物的刷怪笼."
        },
		{
            "content_type": "image",
            "path": "/images/Spawning2.png",
            "width": 1008,
            "height": 565
        },
		{
            "content_type": "image",
            "path": "/images/Spawning3.png",
            "width": 1008,
            "height": 565
        },
		{
            "content_type": "image",
            "path": "/images/Spawning4.png",
            "width": 1008,
            "height": 565
        },
		{
            "content_type": "text",
            "text": "空着手，你可以访问你放置的刷怪笼的GUI. 此GUI具有该块的所有控制选项，将在下面详细解释. \n\n物理性质 \nDebug模式 \n创造玩家是否“可见”以供刷怪笼检测. 这意味着，如果你想看着你的玩家被你的刷怪笼的创造物屠杀，你在创造模式，当他们在生存模式下战斗时，不会因为你的存在而通过产生更多的怪物来增加他们的痛苦. \n光感应 \n如果勾选此框，则如果亮度级别为8或更高，则从该刷怪笼取消生成. 这确保了一些刷怪笼只能在夜间操作. \nXP To Drop \nY当块在最后一次生成后被破坏时，可以指定要丢弃的xp orbs数量。这有助于奖励在你聚集的任何困难的刷怪笼群体之后的玩家.当你使用了那些创建者忽略分配给他们任何经验值的生物时，也可以用来奖励他们. \n方块硬度 \n使方块更难摧毁，并且可以使其不受伤害. 如果你想让玩家看到刷怪笼，并在更多的敌人生成前挑战摧毁它，这一点尤其有用——就像传统的Minecraft原版风格一样. \n透明度 \n此勾选框确定刷怪笼块是否对玩家“不可见”（它没有纹理，但仍然可以由模糊的黑色边界线构成，并且仍然是实心的）. 有利于隐藏刷怪笼，以防止玩家在能够刷怪之前将其拆掉. \n\n检测属性 \n所需玩家范围 \n所需玩家范围是刷怪笼检测范围，刷怪笼在设定的刷怪笼块数数范围内寻找玩家. 如果玩家在自己的范围内，如果可以的话，它会产生生物如果此范围内没有玩家，或者玩家离开其范围，它将取消生成 因此，例如，如果所需的玩家范围设置为7，它将只检查刷怪笼周围7个方块范围内的玩家.通过使用这个范围特性，一个结构建筑师可以在连续的遭遇中制造他的怪物生成，而不是让所有的东西都立刻生成并压迫玩家. （记住-作为向导-minecraft原版刷怪笼需要玩家范围是16块） \n最大附近实体数 \n这是mobRange中被取消生成的最大活实体数（见上文）这可以防止在指定区域内产生过多的黑帮（记住-作为指南-香草矿船产卵器模块最大实体数为6）. \n实体检测范围 \n这是实体检测范围，仅触发活动实体.这是刷怪笼在生成更多之前检查游戏中的最大生物数量的范围.例如，如果mob range设置为12，它将只检查刷怪笼周围12个方块区域中的最大生物数量. \n生成范围 \n这是刷怪笼将尝试生成的区域，以刷怪笼块为中心. 将其设置为0意味着生成的怪物将替换其位置上的刷怪笼块，并且刷怪笼将消失-因此它只适用于单个怪物生成. （这是mob placer工具的标准设置）因此，例如，设置为6，刷怪笼可以在离刷怪笼块1到6个方块的范围内生成. （记住-作为指南-香草矿船产卵器区块产卵范围为4区块）. \n\n生成属性 \n下一个生成延迟 \n(number) -> 如果延迟很重要, 下一次生成尝试前的延迟，每次用完时在Mindelay和MaxDelay之间随机选取. 这意味着如果你想让另一个生物在最初的生物之后生成，生成间隔的时间是多长. 因此，例如，假设您希望一个产卵器块在玩家进入范围内时立即产卵其内容，您可以将Mindelay设置为0，将MaxDelay设置为20. \nMin Spawn Delay \n(number) -> 如果延迟很重要, 最小量. 这意味着玩家激活刷怪笼和首次生成时的最小延迟. （记住-作为指南-原版刷怪笼模块最小产卵延迟为200） \n最大生成延迟 \n(number) -> 如果延迟很重要, 最大量. 这意味着玩家激活刷怪笼和首次生成时的最大延迟.（记住-作为指南-原版刷怪笼最大生成延迟为800）.\n\n生成组 \naw刷怪笼能够产生不同的生物组，并根据给每个组的权重随机分组. \n生成组（自定义数据） \n(自定义数据) -> 生成组列表, 在其中，根据组的相对权重选择组，如果为空，则生成程序块将消失库存（自定义数据）->要放置在块上的物品列表已中断（不可访问） \nMin = minToSpawn -> 每次尝试生成的最小实体数 \nMax = maxToSpawn -> 每次尝试生成的最大实体数RemainingsPawCount -> if positive, 如果为正数，则为要生成的实体总数，之后将从列表中删除此组 \n每次生成尝试都会在“mintospawn”和“maxtospawn”之间生成多个实体，一个接一个地尝试在“生成范围”块范围内产卵，对于“生成范围”+5次尝试. 只有当生成成功时，“remainingsPawCount”才会减少（当然，如果是正的话）. \n\n建立刷怪笼 \n有了所有这些信息，我们现在将讨论如何实际使用它. 单击刷怪笼时，第一个GUI屏幕的底部是实体生成列表. 当以手动方式放置时，会有一个默认的pig mob条目. 您可以通过单击减号按钮来删除它. \n单击“添加条目”按钮以显示选择GUI. 在这里，您可以选择所需的实体、最小值、最大值和总值. 例如，将最小值设置为2，最大值设置为4，总值设置为8意味着刷怪笼可以在2到8个实体之间生成，但不能超过4个. 当它产生8个实体时，它将消失. \n要选择所需的实体，请再次单击“所选实体”按钮（默认设置为PIG）. 打开的图形用户界面将为您提供游戏中的所有生物. 单击“完成”将恢复到上一个GUI. 您可以从不同的mod、vanilla和aw向列表中添加更多的实体，或者将它们分组. \n一群就像它听起来的那样，一群被设计成一个挨着另一个同时生成的生物. 只需单击“添加组”按钮，打开一个小扩展，其工作方式与上面描述的实体列表完全相同. \n记住，当一个刷怪笼被设置为使用一个moded mob，而mod没有被加载时，刷怪笼将被加载，但是由于mob在游戏中不存在，刷怪笼将在激活时消失."
        },
		{
            "content_type": "heading",
            "text": "构建工具和块",
            "level": 1
        },
		{
            "content_type": "text",
            "text": "AW有一些建筑工具来协助大规模的建设. AW团队还建议使用mcedit、worldedit和torojimas构建助手. 任何其他建筑工具mod都不应导致与aw相关的任何问题. \n此外，还添加了一些美学模块，可以为您的建筑添加一些味道"
        },
        {
            "content_type": "heading",
            "text": "施工工具",
            "level": 2
        },
        {
            "content_type": "item",
            "name": "ancientwarfarestructure:construction_tool"
        },
		{
            "content_type": "text",
            "text": "施工工具有四种不同的模式：实填、箱填、湖填和层填. 您可以通过手持控制棒并按Z键来更改模式. 要查看模式，请输入库存并将鼠标悬停在控制棒上，以查看您处于何种模式. \n实填 \n实填模式非常简单，允许您将魔杖设置为块类型，设置边界框，并将框中的所有块更改为设置块类型. 要选择块类型，请将魔杖边界框悬停在所需块类型上，并在默认情况下按X键. 接下来，您可以使用默认情况下一个角的C键和另一个角的V键来设置边界. 然后，只需右击，即可更改边界内的所有块. 您可以使用B键清除边界. \n箱填 \n箱填充与实体填充遵循相同的精确方法，但仅使用选定框执行边界的外缘，使内部空心. \n湖填 \n湖填对于消除水池是非常有用的。只需右击任何顶层的水，以用所选块替换所有的水块. \n层填 \n层填可用于快速交换某个连续的块图层中的所有块. 只需使用魔杖绑定框和X键选择所需的块类型，然后右击该层，将大区域中的所有块更改为该块，并在同一层中键入右击的块."
        },
        {
            "content_type": "heading",
            "text": "湖泊施工工具",
            "level": 2
        },
        {
            "content_type": "item",
            "name": "ancientwarfarestructure:construction_tool_lakes"
        },
		{
            "content_type": "text",
            "text": "AW有一个非常好的湖泊创造者魔杖，可以用水代替所有的空气块来填充一个区域. 但是要注意——在使用Lake Gen Wand之前在测试世界练习——很容易犯错误。（这就是Torojima的脱水棒的用武之地）. \n只需右击块顶面上的Lake Gen Wand，您希望上面的水替换所有空气块. 它将填充所有连接的空气块相当长的距离，因此确保要填充的区域完全封闭."
        },
        {
            "content_type": "heading",
            "text": "结构美学积木",
            "level": 2
        },
		{
            "content_type": "text",
            "text": "古代战争有越来越多的审美块设计用于默认的派别和结构包，是你想怎么用就怎么用，无论你喜欢什么. \n火炉 \n有三种不同类型的壁炉：只有木头壁炉、圆形壁炉和方形壁炉，在创意中有未点燃和点燃的版本.未点燃的壁炉可以用打火石点燃. \n图腾和埃尔明斯 \n图腾和伊敏苏尔基于美洲土著图腾柱和日耳曼伊敏苏尔，由基本块、中间块和顶部块组成. 这些可以按你喜欢的高度排列. \n祭坛碎片 \n祭坛上有各种颜色的祭坛布，有两种不同的样式：短布和长布. 还有各种香草色的祭坛蜡烛，它们提供与火炬相同的光. 最后，还有祭坛讲台，它只是在讲台上提供一本书来完成你的教堂美学. \nStompilumpa和圣坛太阳 \nStompilumpa是津巴派的象神偶像，但你可以随心所欲地使用他的威严形象. 祭坛太阳片是异化势力庙宇的中心，它们发出光和轻微的粒子效应，你可以随意使用."
        },
		{
            "content_type": "image",
            "path": "/images/Structure_Aesthetics1.png",
            "width": 1920,
            "height": 1051
        },
		{
            "content_type": "heading",
            "text": "结构扫描与建筑机制",
            "level": 1
        },
		{
            "content_type": "text",
            "text": " 既然你知道如何使用一切东西来建造你想要的建筑，那么古代战争提供了一种方法来扫描你的建筑，并将其纳入世界一代，或者让你的NPC以生存模式建造它（见下面的绘图站部分）. \n首先，我们将介绍如何使用结构扫描项和结构块. 首先，扫描器只能扫描立方体和矩形棱柱体，因此可以挑选出结构的角，并确保这些角的轮廓包括整个结构. 在其中一个角上，用任何材料建造一个1x1块柱，直到结构的最大高度，再次确保它包括了你想要包括的结构的所有部分. 在世界一代中，aw会自动移除悬垂的树木和其他“漂浮”在上面的东西. 开始扫描之前，请先拆下此柱的底部."
        },
		{
            "content_type": "image",
            "path": "/images/Scanning1.png",
            "width": 1630,
            "height": 848
        },
		{
            "content_type": "image",
            "path": "/images/Scanning2.png",
            "width": 1630,
            "height": 848
        },
		{
            "content_type": "text",
            "text": "现在，如果希望能够更新此结构并更新模板，请将结构扫描程序块放在结构区域的一侧，与“楼层”级别齐平"
        },
		{
            "content_type": "image",
            "path": "/images/Scanning3.png",
            "width": 1630,
            "height": 848
        },
		{
            "content_type": "text",
            "text": "现在，将结构扫描程序项放在手上，转到结构的另一个角，并向下转到最下面的块，以包含您想要的所有内容. 将鼠标悬停在该块上，它周围将出现一个白色边框，您可以按“Z”开始扫描. 现在，边界框将停留在那里，并显示一条消息：“设置第一个位置（1/4）”. 现在飞到另一个角落，飞到柱子原来所在的位置，并悬停在上面的块上，边界框将扩展到整个区域. 现在再次按此块上的“Z”，将显示一条消息“设置第二个位置（2/4）”. 现在，你必须摧毁你在这个上支柱区域使用过的木块，否则它们将包含在结构中，只是漂浮在那里."
        },
		{
            "content_type": "image",
            "path": "/images/Scanning4.png",
            "width": 1630,
            "height": 848
        },
		{
            "content_type": "image",
            "path": "/images/Scanning5.png",
            "width": 1630,
            "height": 848
        },
		{
            "content_type": "text",
            "text": "添加第二个点后，您可以四处飞行并使用白色边界框以确保包含所需的所有内容. 将出现一个绿色边界框，这将显示“地平面”或结构作为地面生成时将考虑的内容. 将块悬停在此级别时，它将在该块周围显示绿色边界框，这也是“偏移”位置. 当使用结构生成器项或生存结构生成器生成结构时，将创建结构，并且此块就在您前面. 一旦您对偏移满意，按“Z”，您将收到消息“设置第三个位置（3/4）”."
        },
		{
            "content_type": "image",
            "path": "/images/Scanning6.png",
            "width": 1630,
            "height": 848
        },
		{
            "content_type": "text",
            "text": "现在，您可以在空中的任意位置右击扫描器项目以打开一个GUI. 此时，您也可以通过右击打开扫描程序块，将其放入扫描程序块中. 两者的gui基本上是相同的，扫描器块只是在结构世界中以物理方式服务，以保存扫描器项，并启用结构模板的快速更新."
        },
		{
            "content_type": "image",
            "path": "/images/Scanning7.png",
            "width": 1920,
            "height": 1051
        },
		{
            "content_type": "text",
            "text": "现在，从这个图形用户界面开始，首先要做的是输入一个名称，例如上图中的“ruingenericsmall”示例. 创建命名约定可能很有用，因为以后更容易找到结构并组织它们. \n接下来，你可以选择检查或不检查“包括在游戏中立即？“选项，决定是否将结构加载到当前游戏中. 如果不选中，结构模板仍将被创建，但不会出现在当前会话中，而是放在aw config文件夹中的“structure”文件夹中的“export”文件夹中. \n现在，我们将看到“设置验证”按钮，它将决定结构如何产生，启用世界生成，启用生存建筑等."
        },
		{
            "content_type": "image",
            "path": "/images/Scanning8.png",
            "width": 2268,
            "height": 1179
        },
		{
            "content_type": "text",
            "text": "沿着这个图形用户界面的顶部，您将看到各种类型的发电设备，地面、地下、天空、水、水下、岛屿和港口（当前为WIP和禁用）. 地面是最常见的，所以大多数结构都可以留在那里. \n接下来，您可以看到勾选框，其中第一个是动态块重新分配，它将在您的结构中生成块，以用于生成相应的生物群系，例如在桦树林中用桦树原木替换橡树原木. \n启用世界生成会将结构设置为能够在世界生成中生成. \n选中生存框将允许结构用于绘图站和生存结构建设者，有关详细信息，请参阅该部分. \n边框大小输入栏控制扫描结构周围的区域，该区域在生成时将被清除并调平. 边界大小将在你的建筑边缘和它所孕育的世界之间设置一个区域，以形成地形，并尝试使建筑正确地坐落在世界上. 它还将清除树木、树叶和其他物体。一个非常大的边界使结构更难选择生成地点. 任何边界都不可能使建筑更容易融入森林和森林，但它的底部可能会有一些尖锐的边缘，在那里它不完美地连接着地面. \n注：对于以下选项，重要的是要了解AW结构放置逻辑实际上是从世界的顶部向下，寻找可以建立在其上的第一个实心接地块. \n最大填充将填充结构产卵处下方的任何空气，这样结构就不会出现在山坡上等. 最大填充的工作原理是，它以结构的产卵位置处的地面水平+最大填充作为基数Y进行倒计时. 例如，将其设置为“0”意味着结构将始终尝试在海平面上生成. \n最小复制距离控件设置结构可以再次生成的最小距离. 这样你就不会有太多相同的东西在一起了. 请注意，主结构配置设置了整体的“minduplicateDistance”，因此即使您的单个模板指定了更高的值，主配置的整体值仍将用作最大值. 由于明显的原因，这不适用于独特的结构. \n“最大水平”确定结构底部的任何块可以放置的向下或向上的距离. 它控制可以调平多少生成场地以允许结构生成. 因此，例如，如果设置为3-如果放置逻辑击中结构底部高于或低于3个块的任何内容，则检查开始放置的块将失败，并且结构无法生成. 设定更高的值——比如说18到20允许在丘陵地带生成. \n“唯一”只能在每个世界生成一次此结构. \n选择权重的数字与您可能设置为在结构将在其中生成的生物群落中生成的所有其他结构权重进行比较. 数字越高，产生的可能性就越大. \ncluster值控制可能与周围衍生的其他结构进行群集的权重. 在游戏中，当试图生成一个新结构时，aw会将已经在相邻块中生成的结构的值相加（radius可在world gen config中配置），并且不会超过config文件中指定的最大“cluster”值. The default Cluster Value in the mod is 500mod中的默认集群值为500. \n保留块意味着，当你的结构产卵时，它产卵到的地面和树叶块不会被移除，并且会与你的结构块混合，只要你的结构中有一个“空气”块. 您可以使用此功能创建没有附着地面的废墟，并扫描和设置模型中没有任何地面的名义地面高度 - 通过这种方式，程序将它们自然地埋在地面上您选择作为地面标高的名义高度，但不会删除或平整底层地形，也不会移除树木和灌木，因此废墟看起来非常自然. \n一旦你将这个设置为你喜欢的，点击右上角的“完成”按钮，它将返回到主图形用户界面。\n接下来我们来看看生物医学选择图形用户界面 "
        },
		{
            "content_type": "image",
            "path": "/images/Scanning9.png",
            "width": 2268,
            "height": 1179
        },
		{
            "content_type": "text",
            "text": "在这个图形用户界面中，你会注意到一个非常长的列表作为主要对象，它包含了你设置中的每个生物群系，包括当时在游戏中加载的任何修改过的生物群系. 选中“Biome白名单”复选框，可以通过滚动列表或在上面的搜索栏中搜索来选择单个Biome. 不勾选勾选框将导致这种结构在每一个可能的生物群落中产生. 一旦你选择了你喜欢的生物群系，点击右上角的“完成”，它将返回到主图形用户界面. \n现在我们将查看维度选择GUI."
        },
		{
            "content_type": "image",
            "path": "/images/Scanning10.png",
            "width": 2268,
            "height": 1179
        },
		{
            "content_type": "text",
            "text": "此GUI允许您选择结构应该产生的维度. 如果您希望您的结构只在超世界中产生，只需忽略这个部分。否则，只需输入维度的ID号，然后单击“+”框–这会将其添加到下面的列表中. 添加任意数量，然后点击“完成”，将返回主GUI。接下来，我们将查看mod selection gui"
        },
		{
            "content_type": "image",
            "path": "/images/Scanning11.png",
            "width": 1920,
            "height": 1051
        },
		{
            "content_type": "text",
            "text": "此GUI允许您指定此结构正常工作所需的mod. 只需在栏中键入mod的名称，然后单击“+”，将其添加到下面的列表中. 单击选项将其删除.添加所需数量，然后点击“完成”，这将返回到主GUI. \n既然我们已经讨论了每个选项，并且您可以根据自己的喜好设置它们，那么点击“导出”来完成结构，如果您选择了“立即包含”复选框，那么它应该是游戏中的. 您可以使用结构生成器检查结构，查看其部分了解更多信息. 如果使用的是扫描程序块，则可以对结构进行更改，然后再次单击“导出”将更改复制到模板上. 如果您进行了更改并希望将结构恢复到模板中的状态，请单击“恢复”."
        },
        {
            "content_type": "heading",
            "text": "结构生成器",
            "level": 2
        },
		{
            "content_type": "text",
            "text": "结构生成器项允许处于创造性模式的任何人在一瞬间在任何结构中生成. 它非常简单，右击打开GUI，选择您想要的列表中的结构，然后单击“完成”关闭GUI. 您可以使用搜索栏在较长的列表中查找结构。在GUI的右侧，为生存建筑启用的结构将显示所需的项目."
        },
		{
            "content_type": "image",
            "path": "/images/Creative_Builder1.png",
            "width": 1920,
            "height": 1051
        },
		{
            "content_type": "text",
            "text": "将结构生成器放在手上时，只要将其悬停在任何块上，它就会开始显示所选结构的预览. 对于较大的结构，这可能会造成滞后，因为这样做；如果需要，在移动时避免将物品放在手上. 如果在选择带有生成器项的块时按鼠标右键，则该块将被选作生成点，预览将绑定到此点. 现在您可以飞过去观察预览，以及放置预览时的外观。您可以按“Z”键放置结构，它将立即生成. 无法反转此操作，因此建议确保产卵点位于正确的位置."
        },
        {
            "content_type": "heading",
            "text": "Drafting Stations and Survival Structure Builders",
            "level": 2
        },
		{
            "content_type": "text",
            "text": "绘图站用于创建生存结构构建者，工匠NPC可以使用这些构建者来构建结构. 创建绘图站后，右击打开它的图形用户界面. 您可以通过点击“选择结构”来选择您想要的结构，这将打开一个与结构生成器项GUI相同的GUI，但列表只包含具有“生存”标记的结构. 选择结构后，将显示一个按钮“开始”，所需项目将显示在右下角区域的列表中. 按下“开始”按钮，开始将所需项目放入输入槽中. 它们将开始消失，当所有必需的项目都提供后，将输出一个生存结构构建器."
        },
		{
            "content_type": "image",
            "path": "/images/Survival_Builder1.png",
            "width": 1920,
            "height": 1051
        },
		{
            "content_type": "image",
            "path": "/images/Survival_Builder2.png",
            "width": 1920,
            "height": 1051
        },
		{
            "content_type": "text",
            "text": "一旦你有了生存结构构建块，只需把它带到你想要的地方，放置它，让工匠NPC处理它. 运动员也可以用锤子在建筑工人身上工作. 建筑商将首先清除妨碍其自身安置的障碍物，然后开始施工. "
        },
        {
            "content_type": "heading",
            "text": "Worldgen结构生成器和即时城镇建筑工具",
            "level": 2
        },
        {
            "content_type": "item",
            "name": "ancientwarfarestructure:structure_builder_world_gen"
        },
        {
            "content_type": "text",
            "text": "worldgen结构生成器的工作方式与结构生成器非常相似，但不显示预览，并且将生成所选结构，就像世界一代一样. 这意味着，如果没有足够的空间让结构按照世界生成规则生成，它就不会生成. \n此工具用于在城镇中即时生成. 你可以选择你想要的城镇类型，并以街区为单位调整其长度和宽度."
        }
    ]
}
